{"best/epoch": 2, "best/precision": 0.4501340254426214, "best/recall": 0.4559375, "best/mAP_0.5": 0.2997703237083146, "best/mAP_0.5:0.95": 0.09356610800083723, "Labels": {"_type": "images/separated", "width": 1600, "height": 1600, "format": "jpg", "count": 2, "filenames": ["media/images/Labels_0_87ff3fa2766dee92fd1f.jpg", "media/images/Labels_0_2f6daa183a02eae766a0.jpg"], "captions": ["labels.jpg", "labels_correlogram.jpg"]}, "Mosaics": {"_type": "images/separated", "width": 1920, "height": 1920, "format": "jpg", "count": 3, "filenames": ["media/images/Mosaics_0_170647ffa7624f110d4b.jpg", "media/images/Mosaics_0_7776a154cc572699497d.jpg", "media/images/Mosaics_0_8c5bf8144c991deebf45.jpg"], "captions": ["train_batch0.jpg", "train_batch1.jpg", "train_batch2.jpg"]}, "train/box_loss": 0.045448269695043564, "train/obj_loss": 0.025867216289043427, "train/cls_loss": 0.0, "metrics/precision": 0.4501340254426214, "metrics/recall": 0.4559375, "metrics/mAP_0.5": 0.2997703237083146, "metrics/mAP_0.5:0.95": 0.09356610800083723, "val/box_loss": 0.026915958151221275, "val/obj_loss": 0.019623281434178352, "val/cls_loss": 0.0, "x/lr0": 0.010009055000000003, "x/lr1": 0.009925721666666667, "x/lr2": 0.009925721666666667, "_timestamp": 1720883678.6996574, "_runtime": 158.08309936523438, "_step": 2}