{"best/epoch": 24, "best/precision": 0.978199428873841, "best/recall": 0.9677777777777777, "best/mAP_0.5": 0.9929756961751768, "best/mAP_0.5:0.95": 0.7930582371632355, "Labels": {"_type": "images/separated", "width": 1600, "height": 1600, "format": "jpg", "count": 2, "filenames": ["media/images/Labels_0_fdd05a744ae7006f61d9.jpg", "media/images/Labels_0_e4b0a6f9ca64a2879791.jpg"], "captions": ["labels.jpg", "labels_correlogram.jpg"]}, "Mosaics": {"_type": "images/separated", "width": 1920, "height": 1920, "format": "jpg", "count": 3, "filenames": ["media/images/Mosaics_0_7b2f14c2ef88004c3651.jpg", "media/images/Mosaics_0_0cd01d582ef119865e8a.jpg", "media/images/Mosaics_0_f303132d76d31c23f26c.jpg"], "captions": ["train_batch0.jpg", "train_batch1.jpg", "train_batch2.jpg"]}, "train/box_loss": 0.014019417576491833, "train/obj_loss": 0.027692139148712158, "train/cls_loss": 0.0, "metrics/precision": 0.9783795231906051, "metrics/recall": 0.9678996218440663, "metrics/mAP_0.5": 0.9929807960901997, "metrics/mAP_0.5:0.95": 0.7930785817989994, "val/box_loss": 0.015881191939115524, "val/obj_loss": 0.023782331496477127, "val/cls_loss": 0.0, "x/lr0": 0.0007599999999999998, "x/lr1": 0.0007599999999999998, "x/lr2": 0.0007599999999999998, "_timestamp": 1720939806.7984605, "_runtime": 1194.7491924762726, "_step": 30, "Validation": {"_type": "images/separated", "width": 1920, "height": 1920, "format": "jpg", "count": 6, "filenames": ["media/images/Validation_30_992e4e4ff6c84428fe7b.jpg", "media/images/Validation_30_5e40c826f41f90c28f63.jpg", "media/images/Validation_30_b6d859daf97f72302946.jpg", "media/images/Validation_30_ac0184442eddf5dc9a89.jpg", "media/images/Validation_30_6ba008dcfae631651788.jpg", "media/images/Validation_30_450fa0245413fb7379dd.jpg"], "captions": ["val_batch0_labels.jpg", "val_batch0_pred.jpg", "val_batch1_labels.jpg", "val_batch1_pred.jpg", "val_batch2_labels.jpg", "val_batch2_pred.jpg"]}, "Results": {"_type": "images/separated", "width": 2400, "height": 1200, "format": "png", "count": 6, "filenames": ["media/images/Results_30_20b02e29cfb54f960319.png", "media/images/Results_30_db8190a23fa20c05bbc0.png", "media/images/Results_30_ce5ad0306515e2c10327.png", "media/images/Results_30_52e85ab9e574f3037104.png", "media/images/Results_30_d3f516164cb989632800.png", "media/images/Results_30_122ae30550fb5cd75730.png"], "captions": ["results.png", "confusion_matrix.png", "F1_curve.png", "PR_curve.png", "P_curve.png", "R_curve.png"]}, "_wandb": {"runtime": 1192}}