{"best/epoch": 53, "best/precision": 0.6727613027310445, "best/recall": 0.6640625, "best/mAP_0.5": 0.6286437639460667, "best/mAP_0.5:0.95": 0.2804686010910819, "Labels": {"_type": "images/separated", "width": 1600, "height": 1600, "format": "jpg", "count": 2, "filenames": ["media/images/Labels_0_87ff3fa2766dee92fd1f.jpg", "media/images/Labels_0_2f6daa183a02eae766a0.jpg"], "captions": ["labels.jpg", "labels_correlogram.jpg"]}, "Mosaics": {"_type": "images/separated", "width": 1920, "height": 1920, "format": "jpg", "count": 3, "filenames": ["media/images/Mosaics_0_170647ffa7624f110d4b.jpg", "media/images/Mosaics_0_7776a154cc572699497d.jpg", "media/images/Mosaics_0_8c5bf8144c991deebf45.jpg"], "captions": ["train_batch0.jpg", "train_batch1.jpg", "train_batch2.jpg"]}, "train/box_loss": 0.019132908433675766, "train/obj_loss": 0.021972136572003365, "train/cls_loss": 0.0, "metrics/precision": 0.6337656084226946, "metrics/recall": 0.625625, "metrics/mAP_0.5": 0.5828740512824809, "metrics/mAP_0.5:0.95": 0.22679842051234048, "val/box_loss": 0.017010249197483063, "val/obj_loss": 0.018615039065480232, "val/cls_loss": 0.0, "x/lr0": 0.007987, "x/lr1": 0.007987, "x/lr2": 0.007987, "_timestamp": 1720885590.3853104, "_runtime": 1534.4879024028778, "_step": 62}