{"best/epoch": 24, "best/precision": 0.05281103772585022, "best/recall": 0.945, "best/mAP_0.5": 0.05228088971480629, "best/mAP_0.5:0.95": 0.03724653375652623, "Labels": {"_type": "images/separated", "width": 1600, "height": 1600, "format": "jpg", "count": 2, "filenames": ["media/images/Labels_0_fdd05a744ae7006f61d9.jpg", "media/images/Labels_0_e4b0a6f9ca64a2879791.jpg"], "captions": ["labels.jpg", "labels_correlogram.jpg"]}, "Mosaics": {"_type": "images/separated", "width": 1920, "height": 1920, "format": "jpg", "count": 3, "filenames": ["media/images/Mosaics_0_7b2f14c2ef88004c3651.jpg", "media/images/Mosaics_0_0cd01d582ef119865e8a.jpg", "media/images/Mosaics_0_f303132d76d31c23f26c.jpg"], "captions": ["train_batch0.jpg", "train_batch1.jpg", "train_batch2.jpg"]}, "train/box_loss": 0.014019417576491833, "train/obj_loss": 0.027692139148712158, "train/cls_loss": 0.0, "metrics/precision": 0.052781171987534826, "metrics/recall": 0.945, "metrics/mAP_0.5": 0.05225123766746388, "metrics/mAP_0.5:0.95": 0.037176241206380176, "val/box_loss": 0.012764331884682178, "val/obj_loss": 0.0811409205198288, "val/cls_loss": 0.0, "x/lr0": 0.0007599999999999998, "x/lr1": 0.0007599999999999998, "x/lr2": 0.0007599999999999998, "_timestamp": 1720938340.922575, "_runtime": 945.9005699157715, "_step": 30, "Validation": {"_type": "images/separated", "width": 1920, "height": 1920, "format": "jpg", "count": 6, "filenames": ["media/images/Validation_30_bf6cd58a09cc06210793.jpg", "media/images/Validation_30_e7959fd36a06825051f3.jpg", "media/images/Validation_30_0e5933951da1eca95e66.jpg", "media/images/Validation_30_bfc589966f5def00df8e.jpg", "media/images/Validation_30_20948c794c0efafa73c0.jpg", "media/images/Validation_30_c64656a224ca31870d0f.jpg"], "captions": ["val_batch0_labels.jpg", "val_batch0_pred.jpg", "val_batch1_labels.jpg", "val_batch1_pred.jpg", "val_batch2_labels.jpg", "val_batch2_pred.jpg"]}, "Results": {"_type": "images/separated", "width": 2400, "height": 1200, "format": "png", "count": 6, "filenames": ["media/images/Results_30_035427247ee26222b002.png", "media/images/Results_30_d13959aa5a1186d2fea0.png", "media/images/Results_30_29c3df38a4ca1bb70930.png", "media/images/Results_30_63d4f1058a71dcfdd252.png", "media/images/Results_30_7d077c12c5c0be7f8854.png", "media/images/Results_30_0b851e38f29562896027.png"], "captions": ["results.png", "confusion_matrix.png", "F1_curve.png", "PR_curve.png", "P_curve.png", "R_curve.png"]}, "_wandb": {"runtime": 943}}