{"best/epoch": 26, "best/precision": 0.568560488242575, "best/recall": 0.5690625, "best/mAP_0.5": 0.5073325227367814, "best/mAP_0.5:0.95": 0.20019216567072656, "Labels": {"_type": "images/separated", "width": 1600, "height": 1600, "format": "jpg", "count": 2, "filenames": ["media/images/Labels_0_87ff3fa2766dee92fd1f.jpg", "media/images/Labels_0_2f6daa183a02eae766a0.jpg"], "captions": ["labels.jpg", "labels_correlogram.jpg"]}, "Mosaics": {"_type": "images/separated", "width": 1920, "height": 1920, "format": "jpg", "count": 3, "filenames": ["media/images/Mosaics_0_170647ffa7624f110d4b.jpg", "media/images/Mosaics_0_7776a154cc572699497d.jpg", "media/images/Mosaics_0_8c5bf8144c991deebf45.jpg"], "captions": ["train_batch0.jpg", "train_batch1.jpg", "train_batch2.jpg"]}, "train/box_loss": 0.01946026086807251, "train/obj_loss": 0.023041890934109688, "train/cls_loss": 0.0, "metrics/precision": 0.5657655033405309, "metrics/recall": 0.57125, "metrics/mAP_0.5": 0.5073911347269833, "metrics/mAP_0.5:0.95": 0.20022434185544596, "val/box_loss": 0.01790725626051426, "val/obj_loss": 0.01925867795944214, "val/cls_loss": 0.0, "x/lr0": 0.0007599999999999998, "x/lr1": 0.0007599999999999998, "x/lr2": 0.0007599999999999998, "_timestamp": 1720886604.0737298, "_runtime": 973.631071805954, "_step": 30, "Validation": {"_type": "images/separated", "width": 1920, "height": 1920, "format": "jpg", "count": 6, "filenames": ["media/images/Validation_30_d2424290bd303324424a.jpg", "media/images/Validation_30_b234257eef740a518262.jpg", "media/images/Validation_30_1ce3b0dbe5934d8fa82d.jpg", "media/images/Validation_30_73cb09a386e2b8467ffb.jpg", "media/images/Validation_30_8bf971f20abc0fa966f3.jpg", "media/images/Validation_30_1eabcc2ecf631f39ff50.jpg"], "captions": ["val_batch0_labels.jpg", "val_batch0_pred.jpg", "val_batch1_labels.jpg", "val_batch1_pred.jpg", "val_batch2_labels.jpg", "val_batch2_pred.jpg"]}, "Results": {"_type": "images/separated", "width": 2400, "height": 1200, "format": "png", "count": 6, "filenames": ["media/images/Results_30_5b755f87d664cb856a26.png", "media/images/Results_30_5a94280f1f0f50a8544e.png", "media/images/Results_30_3cd88a28e6760a5c2828.png", "media/images/Results_30_ba536660b8c49595dc4d.png", "media/images/Results_30_b9d8bb0876ccee099230.png", "media/images/Results_30_f93ecaa67a6befa2a3f4.png"], "captions": ["results.png", "confusion_matrix.png", "F1_curve.png", "PR_curve.png", "P_curve.png", "R_curve.png"]}, "_wandb": {"runtime": 965}}